file,hs_par_ms,hs_par_rss_kb,hs_par_ok,hs_par_correct,hs_n1_ms,hs_n1_rss_kb,hs_n1_ok,hs_n1_correct,lean_ms,lean_rss_kb,lean_ok,lean_correct,ratio_n1,ratio_par
DH_hack.scm,71.719833,72848,True,True,44.97237500000001,14528,True,True,161.65970800000002,39248,True,True,3.59464466797673,2.254044679663435
ab.scm,20.572582999999977,72368,True,True,19.870374999999996,13920,True,True,52.25029099999995,36436,True,True,2.629557368695858,2.5398021726294653
abc.scm,20.687542000000004,72144,True,True,19.964541999999973,13936,True,True,51.62620800000006,36420,True,True,2.5858949331269474,2.495521604258256
aik.scm,44.59691700000001,73824,True,True,44.709915999999964,14384,True,True,194.80195799999998,40324,True,True,4.35701910063978,4.368058850346088
atomic-open-closed.scm,1625.4997919999998,75184,True,True,1599.7975840000006,15632,True,True,4564.701999999998,46056,True,True,2.853299720947695,2.808183687543652
attest.scm,41.41516700000025,73888,True,True,31.44029200000098,14416,True,True,130.78983300000147,38436,True,True,4.159943330042781,3.158017761946986
auth-enc.scm,19.11120799999999,72256,True,True,19.223667000000333,13904,True,True,48.75670899999918,36492,True,True,2.5362855588373607,2.5512102113063286
auth-hash.scm,18.449207999999828,72160,True,True,19.25041699999852,13872,True,True,47.0838330000003,36524,True,True,2.445860419543323,2.5520788209445486
blanchet-strandmax.scm,30.05116699999988,73760,True,True,19.113707999999008,14304,True,True,63.512583999999705,36952,True,True,3.3228813582379204,2.1134814498218977
blanchet.scm,29.716791000000242,72816,True,True,19.140166999999764,14288,True,True,63.27583399999881,36968,True,True,3.3059185951721104,2.1292956564522156
bug_example.scm,19.089750000000905,72880,True,True,19.176542000000296,14320,True,True,55.695124999999734,36916,True,True,2.904336193668226,2.9175408268833847
cert_lang.scm,19.19604100000072,72400,True,True,19.16479200000154,14128,True,True,52.08608299999895,37564,True,True,2.717800589747844,2.713376315459891
chan-envelope.scm,705.5931659999999,75056,True,True,838.7059580000002,16544,True,True,11210.486417,93732,True,True,13.3664084654088,15.88803145664254
chan-mesg.scm,43.71925000000232,73984,True,True,44.11516600000098,14304,True,True,173.55187500000113,38032,True,True,3.9340637412539095,3.969690125059143
chan-perrig-song.scm,19.16212500000114,72240,True,True,19.346249999998122,13904,True,True,50.75570800000051,36640,True,True,2.623542443626307,2.6487515346026336
chan-unilateral.scm,19.630625000001345,72176,True,True,19.13420799999699,13856,True,True,48.80966600000036,36448,True,True,2.5509112266370284,2.4864040752648995
chan-yahalom-role-decl.scm,42.66091699999919,72784,True,True,31.915167000001077,14368,True,True,123.11716600000011,37584,True,True,3.8576381568047555,2.8859474820947346
chan-yahalom.scm,43.007124999999036,74016,True,True,43.09599999999847,14384,True,True,177.38795800000062,37804,True,True,4.116111889734706,4.1246179092418895
commitment.scm,29.986832999998825,72624,True,True,19.297334000000887,14384,True,True,61.62787499999922,37712,True,True,3.193595291453026,2.0551645117042416
comp_test.scm,91.5699169999975,73872,True,True,92.28137500000244,15408,True,True,279.6371250000007,40820,True,True,3.030266128999414,3.053809964685327
completeness-test.scm,29.775875000002117,72704,True,True,19.21787499999894,14272,True,True,64.5360420000003,36932,True,True,3.358125807354031,2.167393636626823
crushing.scm,43.43137500000083,72736,True,True,31.648042000000487,14272,True,True,149.1739590000023,40340,True,True,4.7135288495888625,3.434704956957947
dass_simple.scm,19.232166000001882,72832,True,True,19.022333999998864,14272,True,True,61.097958000001285,37184,True,True,3.211906488446945,3.176863074080959
denning-sacco.scm,30.019749999997458,73872,True,True,32.10083399999775,14320,True,True,112.93316699999778,37804,True,True,3.518075792049693,3.7619622748359776
deorig_contract.scm,19.282749999998572,72192,True,True,19.216624999998544,13952,True,True,50.233375000001246,36724,True,True,2.614058139762058,2.605093931104483
deorig_mesg.scm,19.51887499999927,72144,True,True,19.338999999998663,13920,True,True,48.41975000000076,36588,True,True,2.503735973938886,2.4806629480440123
deorig_simple.scm,19.642582999999547,72160,True,True,19.45237500000019,13952,True,True,48.68424999999732,36588,True,True,2.502740667913139,2.4785055000148626
dev-subatomic-open-closed.scm,608.5046249999983,75136,True,True,618.211500000001,15472,True,True,1698.527291999998,43552,True,True,2.7474857585146752,2.791313692973168
devlocn.scm,397.7602909999973,76096,True,True,416.405000000001,17424,True,True,1143.8438749999982,40264,True,True,2.7469503848416696,2.8757115802693485
dh-ca_hack.scm,356.7994160000012,81216,True,True,1672.8655420000002,19568,True,True,10368.222375000001,90180,True,True,6.197881488194345,29.05896677532669
dh_encrypt_hack.scm,30.68512499999798,72768,True,True,19.425083000001564,14272,True,True,62.627875000003996,37368,True,True,3.2240724531266585,2.04098484200433
dh_group_sig.scm,65.61579199999557,73968,True,True,67.91970900000166,15424,True,True,218.08200000000255,38648,True,True,3.2108794812415526,3.3236206308386445
dh_group_sig_auth_failure.scm,32.87454199999473,72864,True,True,32.84437499999626,14432,True,True,105.0794169999989,37956,True,True,3.1993124241216604,3.1963766065551797
dh_mim_hack.scm,19.12866700000393,72736,True,True,19.760333999997215,14352,True,True,78.48387500000342,39436,True,True,3.9717888877796543,4.102945333304579
dhnsl_hack.scm,31.910707999998067,73776,True,True,31.28162500000542,14288,True,True,105.96745799999496,37692,True,True,3.3875304751583912,3.3207491980435337
dhstatic-state.scm,1866.184292,76128,True,True,1969.2911670000015,16640,True,True,8155.474250000005,48332,True,True,4.1413247500744,4.370133370514944
disclosure.scm,21.34137500000577,72416,True,True,19.778125000001978,14048,True,True,55.13741700000452,36904,True,True,2.7877979838836597,2.5835925285971317
doorsep.scm,18.700291999998342,72480,True,True,21.032167000001323,14160,True,True,57.47245799999945,37440,True,True,2.7325980247302066,3.0733454857284874
doorsep2invk.scm,20.889999999994302,72368,True,True,19.784957999995356,14096,True,True,55.93433300000328,37448,True,True,2.8271140631188807,2.6775650071813564
encsig.scm,33.558459000005314,72704,True,True,31.141208000001086,14352,True,True,104.35650000000152,38084,True,True,3.3510742422065927,3.1096928497218834
envelope.scm,826.3699580000008,75040,True,True,977.0417920000014,16672,True,True,11870.925499999998,104660,True,True,12.149864619097052,14.365146488057576
epmo-hash.scm,67.73854200000073,73792,True,True,66.75541699999599,14288,True,True,280.6229999999914,39508,True,True,4.203748738473288,4.142737527477169
epmo-key-hash.scm,68.69012500000338,73936,True,True,68.82320900000138,14352,True,True,277.40191700000594,39592,True,True,4.0306449093357495,4.038454100935066
epmo.scm,79.0311250000002,73712,True,True,90.86775000000102,14480,True,True,312.02766600000587,39964,True,True,3.4338658765073675,3.948161765380476
epmo_acctnum-key-hash.scm,77.71141700000328,73872,True,True,81.8479170000046,14288,True,True,462.2269160000059,41588,True,True,5.647387654348979,5.9479923780052335
expand.scm,19.389834000008932,70304,True,True,19.121249999997758,12016,True,True,44.95745799999895,32908,True,True,2.3511777734198454,2.318609741577893
facts.scm,19.184082999998964,72800,True,True,19.50699999999017,14368,True,True,54.68154099999367,37404,True,True,2.8031753216804853,2.850359905135764
factvar.scm,19.242916999999693,72272,True,True,20.62779199999909,13984,True,True,47.68637500001205,36448,True,True,2.311753725266095,2.4781261073886465
ffgg.scm,31.92233300001135,72576,True,True,31.99562500000752,14288,True,True,134.07370899999194,38360,True,True,4.190376309259794,4.199997193185857
fluffy_draft03_gske.scm,30.247541999997907,72880,True,True,31.249833000003946,14336,True,True,99.72279100000492,37600,True,True,3.1911463654859316,3.2968890827562722
fragile_pruning.scm,970.7877079999889,89408,True,True,3899.5117919999984,25712,True,True,25679.08575,59056,True,True,6.585205307669963,26.45180355950726
goals.scm,44.15770899998961,73824,True,True,31.45929100000444,14384,True,True,110.20933299998603,38332,True,True,3.503236388892886,2.495811841144475
goalsvar.scm,42.32158400000685,73776,True,True,31.43512499998735,14384,True,True,120.91474999999718,38428,True,True,3.846485420371188,2.8570468912500444
hashtest-key-hash.scm,20.180874999994103,72240,True,True,19.80025000000296,13936,True,True,49.012500000003456,36604,True,True,2.475347533490543,2.4286607989008298
hashtest.scm,19.560834000003524,72112,True,True,18.43358300000375,13920,True,True,48.537874999993846,36628,True,True,2.6331221119618453,2.481380650742453
incompleteness_example.scm,19.46149999999136,72288,True,True,19.28795800000671,13920,True,True,50.33316700000512,36748,True,True,2.6095643198718914,2.5862943246937524
isoreject-corrected.scm,19.292375000006246,72144,True,True,19.4848750000034,13936,True,True,50.28441600001088,36900,True,True,2.5806896887971877,2.606439901774385
isoreject.scm,19.38379199999929,72688,True,True,19.136125000002835,14272,True,True,55.68195799999387,36828,True,True,2.9097823096361264,2.8726039775909644
kelly1.scm,32.94895900000938,72720,True,True,41.28012500000011,14464,True,True,107.807667000003,38444,True,True,2.611611931892229,3.2719597301988297
kerberos.scm,68.74304200000836,74000,True,True,132.90854199999558,14352,True,True,563.1310839999912,39920,True,True,4.236981878862308,8.191826657888122
lemmas.scm,19.822375000003944,72800,True,True,19.809124999994765,14352,True,True,64.14562499999477,37816,True,True,3.238185684628257,3.236021162952573
locn_envelope.scm,27226.42333399999,75136,True,True,26939.001417000014,15712,True,True,87456.982708,92632,True,True,3.24648198180092,3.212209757966442
missing_contraction.scm,29.801500000019132,72640,True,True,19.988665999989053,14272,True,True,55.085125000005064,36780,True,True,2.7558179720465206,1.848401087192581
neq_test.scm,19.163374999976668,72352,True,True,19.37700000001996,14080,True,True,47.63729200001876,36708,True,True,2.4584451669489438,2.4858508483018653
neuman-stubblebine.scm,43.753707999997005,72736,True,True,43.825458000014805,14304,True,True,188.45841699999255,38980,True,True,4.300204164436317,4.307255901602796
no_contraction.scm,19.183583000000226,72288,True,True,18.59258300001443,13920,True,True,47.079459000002544,36516,True,True,2.532163443883295,2.454153585386108
non_transforming.scm,32.176334000013185,72896,True,True,31.653374999990547,14336,True,True,122.25424999999746,38052,True,True,3.862281668227605,3.7995083591545065
nonaug-prune.scm,31.360042000017074,73936,True,True,43.98920799999928,14320,True,True,175.4120840000155,40536,True,True,3.9876163262593494,5.593490085246697
ns-l.scm,18.497832999997854,72768,True,True,18.757832999995117,14304,True,True,73.12658400002192,37616,True,True,3.898455861081659,3.953251388961637
ns-rebinding.scm,80.80325000000244,73904,True,True,68.96633299999166,14416,True,True,230.72487500002126,38720,True,True,3.345471115595622,2.855391026970008
ns.scm,29.67516700002193,72784,True,True,31.540042000017365,14304,True,True,95.33670900000857,37832,True,True,3.0227197858505095,3.212676410546843
nsl3.scm,188.712124999995,74976,True,True,269.73154099999874,15344,True,True,1334.0049159999978,50168,True,True,4.945676397555613,7.0689941941994086
nslsk.scm,20.68820799999571,72720,True,True,19.41237499997328,14336,True,True,55.81483299999945,36952,True,True,2.8752191836432317,2.6979056378402144
open-closed-multiloc.scm,269.7919579999848,74048,True,True,266.6505410000184,15440,True,True,915.1319579999893,40644,True,True,3.4319523769498974,3.391991239412855
open-closed-tag.scm,591.5960000000098,74096,True,True,703.5756670000239,15488,True,True,2488.3572499999786,41736,True,True,3.5367301154829365,4.206176596866675
open-closed.scm,466.2439999999606,74016,True,True,455.1468340000042,15488,True,True,2029.329917000041,40816,True,True,4.458626898852651,4.352506234933238
or.scm,32.12604099996952,72784,True,True,44.62220900001057,14336,True,True,133.30033299996558,38704,True,True,2.9873091446444078,4.149292251730988
ordered.scm,19.404249999979584,72192,True,True,19.200624999996307,13936,True,True,47.33816600003138,36616,True,True,2.4654492236601926,2.439577206028637
orderedvar.scm,19.393707999995513,72272,True,True,19.289165999964553,13952,True,True,47.87712499995678,36600,True,True,2.482073356621264,2.4686937124126986
pca.scm,57.09324999997989,73904,True,True,56.452000000035696,14336,True,True,297.7282079999668,41588,True,True,5.274006377095206,5.2147707128263265
pen-non-orig-test.scm,19.222833000014816,72256,True,True,19.11933400003818,13856,True,True,48.872416999984125,36596,True,True,2.5561777936347854,2.54241489794696
pfs-via-pubkey.scm,19.627500000012787,72272,True,True,18.8519160000169,13968,True,True,52.012375000003885,36980,True,True,2.7589967513093767,2.6499745255366194
pkinit.scm,19.513917000040237,72128,True,True,19.157458999984556,13936,True,True,49.801833000003626,36784,True,True,2.599605354762538,2.5521187263377687
preprocess.scm,19.564083999966897,72320,True,True,19.31491699997423,13952,True,True,55.4222910000135,36968,True,True,2.8694035288936237,2.832858977711774
print.scm,19.46941699998206,71952,True,True,19.276624999974956,13712,True,True,47.08154099995454,35596,True,True,2.4424161905943444,2.418230653747769
prottrans.scm,29.647417000035148,72752,True,True,19.63187499995911,14336,True,True,71.73225000002503,37740,True,True,3.6538664799044636,2.419510947612738
pruning1.scm,19.298750000018572,72688,True,True,19.088791999990917,14304,True,True,54.60641700000224,37112,True,True,2.860653361408528,2.8295312908841086
puzzle_example.scm,19.303959000012583,72640,True,True,19.315833000007387,14304,True,True,60.105291000013494,36984,True,True,3.1117110507214734,3.1136250859201637
reflect.scm,19.233165999992252,72608,True,True,19.06874999997399,14272,True,True,67.45104099996979,37204,True,True,3.537255509672202,3.5070170454514336
renamings.scm,17.742749999968055,72320,True,True,19.112582999980532,13968,True,True,49.14695899998378,36812,True,True,2.5714451573622386,2.769974158463162
role_uniq.scm,19.55829100000983,72736,True,True,19.230415999970774,14352,True,True,51.481458000012026,37168,True,True,2.6770849887017665,2.632206361996871
rule-node.scm,19.363832999999886,72736,True,True,19.09979200001999,14352,True,True,51.833541999997124,36716,True,True,2.713827564192473,2.6768224039113244
rule-order.scm,19.320708999998715,72112,True,True,19.22166700001071,13824,True,True,46.46108299999696,36188,True,True,2.4171203777472092,2.4047297125586877
sigenc.scm,32.0831250000424,72752,True,True,19.253999999989446,14288,True,True,81.84204200000522,37900,True,True,4.25065139711489,2.5509373541354545
sorted_epmo_acctnum.scm,2341.2003749999712,99680,True,True,8641.224542000033,36048,True,True,58762.212665999985,48972,True,True,6.800218230690638,25.09918129754302
sts.scm,30.789458000015202,72864,True,True,32.23291699998754,14352,True,True,86.58295800000815,37596,True,True,2.686165760301546,2.8120975042810237
sts_non_role.scm,32.15283299999783,72960,True,True,33.12037500000997,14416,True,True,89.05683400001863,37596,True,True,2.688883625260638,2.7697974234502025
sts_weakened_reflect.scm,31.862624999973832,72896,True,True,32.44241600003761,14384,True,True,90.0087919999919,37584,True,True,2.774417047111644,2.824901965863322
subatomic-open-closed-test-genrule.scm,2430.9703750000153,76288,True,True,2413.873083999988,16512,True,True,7152.409957999964,46696,True,True,2.9630430884741576,2.9422036695942535
subatomic-open-closed.scm,2392.4537089999944,75152,True,True,2407.7011670000275,16544,True,True,6988.879625000038,46640,True,True,2.9027188759093865,2.921218328575842
sync_locn_envelope.scm,1627.7592499999969,75056,True,True,1608.984540999984,15552,True,True,3980.0360419999947,46008,True,True,2.473632244798575,2.4451011671412726
targetterms1.scm,19.238874999985,72336,True,True,17.869750000045315,13984,True,True,51.329708000025676,36736,True,True,2.8724357083840295,2.6680202454699504
targetterms2.scm,30.68233300001566,72800,True,True,19.240749999994478,14288,True,True,116.70887499997207,42732,True,True,6.065713394748415,3.8037809901845634
targetterms6.scm,30.208083999980317,72800,True,True,19.368124999971315,14368,True,True,132.02233300000898,42992,True,True,6.816474645852632,4.370430544356769
targetterms8.scm,18.94966699995848,72448,True,True,19.28216600003907,13984,True,True,53.75804199996992,36960,True,True,2.787966974242468,2.8368858407953925
thisthat.scm,32.56699999997181,73776,True,True,32.00408399999333,14288,True,True,104.85866700003044,37800,True,True,3.2764151912628496,3.219782816965677
tickle-unique.scm,19.59016600000041,72432,True,True,17.948624999974072,14048,True,True,53.105791999996654,37472,True,True,2.9587665907596468,2.7108393058024904
timestamping.scm,191.40183299998625,73872,True,True,191.8752500000096,15344,True,True,1187.1465419999936,94596,True,True,6.187074893713151,6.2023781245610055
trust-anchor.scm,20.094041999982437,72000,True,True,19.528416000014204,13728,True,True,48.374707999983,35952,True,True,2.4771444852438527,2.4074154916181265
ugen-at.scm,32.14079200000697,72832,True,True,30.978042000015193,14384,True,True,96.3331670000116,38016,True,True,3.109724204001155,2.9972244305613476
ugo.scm,17.940791999990324,72112,True,True,19.290833000013663,13760,True,True,66.54095800001869,37160,True,True,3.449356386008399,3.708919762296702
uncarried_keys.scm,19.822665999981837,73776,True,True,19.479249999960757,14320,True,True,64.13400000002412,37512,True,True,3.2924265564718005,3.2353872077591825
unilateral.scm,19.07499999998663,72768,True,True,19.465583999988212,14432,True,True,54.39629199997853,37400,True,True,2.7944854878236107,2.8517060026221053
uniq-at.scm,29.795999999976175,72736,True,True,29.505458999949497,14352,True,True,95.50833399998737,38048,True,True,3.2369716397277823,3.2054079071037638
uniq-gen-test.scm,19.570957999974326,72288,True,True,19.36225000002878,13904,True,True,49.274374999981774,36720,True,True,2.5448682358666237,2.5177293313922813
uo.scm,19.30191700000705,72128,True,True,19.331499999964308,13872,True,True,47.4251660000391,36024,True,True,2.4532584641712574,2.4570184401902555
wang-hash.scm,226.46579100000963,74912,True,True,351.13729099998636,15440,True,True,793.0404589999966,45184,True,True,2.2584911353093156,3.501811269146442
wang-key-hash.scm,271.1921250000273,75968,True,True,420.0464580000016,16544,True,True,954.7976669999798,46408,True,True,2.273076343855222,3.5207425989964998
weird.scm,20.52158399999371,72336,True,True,20.371082999986356,13920,True,True,51.83479099997612,36712,True,True,2.5445279958856797,2.5258669603668027
wonthull.scm,28.545749999977943,72816,True,True,20.711708000021645,14400,True,True,88.54608300003974,40780,True,True,4.275170497766153,3.101900738292326
wonthull2.scm,253.19641700002649,89504,True,True,1142.0477910000386,26800,True,True,140146.830583,4364316,True,True,122.71538169193417,553.5103231061336
wonthull3.scm,73.94387499994082,75072,True,True,81.87583400001586,15392,True,True,960.9404999999924,83748,True,True,11.73655831096397,12.995538846196004
woolam.scm,42.28762500008543,73824,True,True,56.52304200009439,14320,True,True,337.0244590000766,39180,True,True,5.962602985867494,7.969812894419958
yahalom-6.3.6.scm,77.9419579999967,74000,True,True,119.2303750000292,14288,True,True,625.2025000000003,39760,True,True,5.243651208845457,8.0213856059406
yahalom-forward.scm,129.05549999993582,74976,True,True,231.53704100002415,15360,True,True,2097.8632920000564,73020,True,True,9.060594723588256,16.255512488821473
yahalom.scm,103.80866599996352,75120,True,True,178.20749999998498,16336,True,True,1859.9221660000467,72896,True,True,10.436834398104477,17.91682946778933
yes-or-no.scm,19.198458999994727,72608,True,True,19.20412499998747,14288,True,True,57.16150000000653,36768,True,True,2.976521971193367,2.9774004257332436
